{"cameraMode":{"drawMode":0,"name":"Shaded","section":"Shading Mode"},"sceneLighting":true,"audioPlay":false,"sceneViewState":{"m_AlwaysRefresh":false,"showFog":true,"showSkybox":true,"showFlares":true,"showImageEffects":true,"showParticleSystems":true,"showVisualEffectGraphs":true,"m_FxEnabled":true},"in2DMode":false,"pivot":{"x":-0.7110006213188171,"y":3.2272911071777345,"z":-2.8085851669311525},"rotation":{"x":-0.19701257348060609,"y":0.0020556726958602669,"z":-0.00041400501504540443,"w":-0.9804016947746277},"size":7.214050769805908,"orthographic":false}